turn,speaker,cumulative_speaker_turn_number,word_count_points,sentence_count_points,named_entity_count_points,bonus_word_points,base_score,E,P,L,epl_multiplier,total_turn_score,cumulative_speaker_base_score,cumulative_speaker_total_score
1,LEHRER,1,291,16,30,132,469.00,7.50,3.00,7.00,1.58,743,469,742.58
2,OBAMA,1,484,19,14,173,690.00,6.50,8.00,7.50,1.73,1196,690,1196.00
3,LEHRER,2,6,1,2,2,11.00,0.00,0.00,0.00,1.00,11,480,753.58
4,MCCAIN,1,472,28,27,149,676.00,7.50,8.20,6.80,1.75,1183,676,1183.00
5,LEHRER,3,79,7,4,40,130.00,2.50,1.50,4.00,1.27,165,610,918.25
6,OBAMA,2,267,11,5,109,392.00,8.00,6.50,9.60,1.80,707,1082,1902.91
7,LEHRER,4,12,1,1,9,23.00,0.00,1.50,1.00,1.08,25,633,943.17
8,MCCAIN,2,8,2,0,4,14.00,0.50,1.50,0.50,1.08,15,690,1198.17
9,LEHRER,5,5,1,1,3,10.00,5.00,0.00,0.00,1.17,12,643,954.83
10,MCCAIN,3,2,1,0,1,4.00,0.50,0.00,1.00,1.05,4,694,1202.37
11,LEHRER,6,11,1,0,8,20.00,0.00,0.00,0.00,1.00,20,663,974.83
12,MCCAIN,4,269,14,15,109,407.00,6.50,3.50,7.00,1.57,638,1101,1840.00
13,LEHRER,7,20,1,2,13,36.00,0.00,0.00,0.00,1.00,36,699,1010.83
14,OBAMA,3,158,4,6,77,245.00,7.20,8.10,8.70,1.80,441,1327,2343.91
15,LEHRER,8,6,1,0,5,12.00,2.00,0.00,0.00,1.07,13,711,1023.63
16,OBAMA,4,8,1,0,7,16.00,0.00,0.00,0.50,1.02,16,1343,2360.17
17,LEHRER,9,6,1,0,5,12.00,3.00,1.50,0.00,1.15,14,723,1037.43
18,OBAMA,5,22,2,1,12,37.00,7.50,6.00,8.00,1.72,64,1380,2423.69
19,MCCAIN,5,13,2,0,8,23.00,1.00,3.50,0.00,1.15,26,1124,1866.45
20,LEHRER,10,22,2,0,13,37.00,2.00,6.50,2.00,1.35,50,760,1087.38
21,OBAMA,6,117,5,1,67,190.00,7.20,6.90,8.30,1.75,332,1570,2755.56
22,LEHRER,11,30,2,2,16,50.00,0.00,0.00,7.50,1.25,63,810,1149.88
23,MCCAIN,6,173,10,7,74,264.00,7.90,8.00,7.00,1.76,466,1388,2331.97
24,LEHRER,12,73,3,4,43,123.00,5.00,2.00,7.00,1.47,180,933,1330.28
25,MCCAIN,7,351,19,20,123,513.00,7.00,3.50,8.50,1.63,838,1901,3169.87
26,LEHRER,13,6,1,2,2,11.00,0.00,0.00,0.00,1.00,11,944,1341.28
27,OBAMA,7,302,10,18,120,450.00,7.40,7.90,8.20,1.78,803,2020,3558.06
28,LEHRER,14,3,1,1,1,6.00,0.00,0.00,1.00,1.03,6,950,1347.48
29,MCCAIN,8,20,1,1,12,34.00,0.00,0.00,0.00,1.00,34,1935,3203.87
30,LEHRER,15,7,1,0,4,12.00,0.00,0.00,0.00,1.00,12,962,1359.48
31,MCCAIN,9,278,18,15,103,414.00,7.50,6.20,7.00,1.69,700,2349,3903.53
32,OBAMA,8,179,11,4,86,280.00,7.50,8.20,7.70,1.78,498,2300,4056.46
33,OBAMA,9,52,1,2,35,90.00,6.50,8.00,7.00,1.72,155,2390,4210.96
34,LEHRER,16,34,1,1,16,52.00,0.00,1.00,6.00,1.23,64,1014,1423.62
35,MCCAIN,10,333,18,23,119,493.00,7.20,4.50,8.50,1.67,825,2842,4728.48
36,LEHRER,17,13,1,2,8,24.00,0.50,0.00,0.50,1.03,25,1038,1448.42
37,OBAMA,10,11,1,0,8,20.00,0.00,0.00,0.00,1.00,20,2410,4230.96
38,LEHRER,18,3,1,0,2,6.00,0.00,0.00,0.00,1.00,6,1044,1454.42
39,OBAMA,11,353,15,13,127,508.00,7.00,6.50,8.00,1.72,872,2918,5103.02
40,MCCAIN,11,8,1,0,5,14.00,1.00,1.00,1.00,1.10,15,2856,4743.88
41,LEHRER,19,11,1,0,7,19.00,0.00,0.00,1.60,1.05,20,1063,1474.43
42,MCCAIN,12,70,5,5,37,117.00,7.20,4.10,6.30,1.59,186,2973,4929.52
43,OBAMA,12,13,1,2,8,24.00,5.00,7.50,4.50,1.57,38,2942,5140.62
44,MCCAIN,13,186,11,9,72,278.00,7.50,5.00,7.00,1.65,459,3251,5388.22
45,OBAMA,13,14,2,1,5,22.00,0.00,5.00,6.00,1.37,30,2964,5170.69
46,MCCAIN,14,16,2,0,12,30.00,5.50,0.00,6.50,1.40,42,3281,5430.22
47,OBAMA,14,91,5,2,50,148.00,7.50,4.50,8.00,1.67,247,3112,5417.36
48,MCCAIN,15,14,1,0,11,26.00,5.50,7.00,3.90,1.55,40,3307,5470.44
49,OBAMA,15,79,2,2,43,126.00,6.20,3.50,7.80,1.58,200,3238,5616.86
50,LEHRER,20,124,4,4,48,180.00,2.00,1.00,3.00,1.20,216,1243,1690.43
51,OBAMA,16,493,21,14,172,700.00,8.80,7.50,8.20,1.82,1272,3938,6888.52
52,LEHRER,21,26,1,1,13,41.00,4.00,3.20,5.50,1.42,58,1284,1748.79
53,MCCAIN,16,241,13,8,98,360.00,7.80,3.40,8.00,1.64,590,3667,6060.84
54,MCCAIN,17,107,3,3,56,169.00,7.20,4.50,8.70,1.68,284,3836,6344.76
55,LEHRER,22,42,2,1,28,73.00,5.50,0.00,7.50,1.43,105,1357,1853.42
56,OBAMA,17,22,2,1,14,39.00,5.00,1.50,2.00,1.28,50,3977,6938.57
57,LEHRER,23,3,1,0,2,6.00,0.00,0.00,0.00,1.00,6,1363,1859.42
58,OBAMA,18,44,4,1,27,76.00,8.00,6.50,6.80,1.71,130,4053,7068.53
59,LEHRER,24,7,1,0,6,14.00,2.00,5.00,1.00,1.27,18,1377,1877.15
60,OBAMA,19,224,9,17,108,358.00,7.90,2.50,7.40,1.59,570,4411,7638.95
61,LEHRER,25,100,5,2,48,155.00,3.50,1.00,4.50,1.30,202,1532,2078.65
62,MCCAIN,18,16,1,0,12,29.00,7.20,5.20,8.10,1.68,49,3865,6393.57
63,LEHRER,26,3,1,0,2,6.00,1.50,1.50,1.50,1.15,7,1538,2085.55
64,MCCAIN,19,23,1,0,18,42.00,7.50,3.50,6.00,1.57,66,3907,6459.37
65,LEHRER,27,6,1,0,5,12.00,0.00,1.00,0.00,1.03,12,1550,2097.95
66,OBAMA,20,134,6,4,68,212.00,7.50,7.20,8.30,1.77,375,4623,8013.48
67,MCCAIN,20,177,7,7,83,274.00,8.20,6.00,7.90,1.74,476,4181,6935.22
68,LEHRER,28,85,4,1,46,136.00,3.50,2.00,7.00,1.42,193,1686,2290.62
69,OBAMA,21,269,6,5,117,397.00,8.00,7.00,7.50,1.75,695,5020,8708.23
70,MCCAIN,21,274,14,8,115,411.00,6.70,5.50,7.40,1.65,680,4592,7614.74
71,OBAMA,22,114,4,5,61,184.00,7.50,5.50,8.50,1.72,316,5204,9024.10
72,LEHRER,29,6,1,1,4,12.00,0.00,0.00,0.00,1.00,12,1698,2302.62
73,MCCAIN,22,106,4,6,52,168.00,7.50,3.50,6.00,1.57,263,4760,7877.94
74,LEHRER,30,41,5,4,24,74.00,0.00,0.00,2.50,1.08,80,1772,2382.79
75,MCCAIN,23,143,10,5,60,218.00,6.50,6.00,7.00,1.65,360,4978,8237.64
76,MCCAIN,24,143,8,4,65,220.00,7.50,7.00,6.50,1.70,374,5198,8611.64
77,LEHRER,31,14,1,3,8,26.00,0.00,0.00,0.00,1.00,26,1798,2408.79
78,OBAMA,23,377,14,19,158,568.00,8.50,7.20,8.80,1.82,1032,5772,10055.96
79,LEHRER,32,11,1,1,9,22.00,4.00,2.50,2.00,1.28,28,1820,2437.02
80,MCCAIN,25,153,7,11,67,238.00,7.50,3.50,8.00,1.63,389,5436,9000.37
81,LEHRER,33,11,1,1,8,21.00,2.00,0.00,0.00,1.07,22,1841,2459.42
82,MCCAIN,26,28,2,4,16,50.00,7.50,0.00,8.50,1.53,77,5486,9077.04
83,LEHRER,34,5,1,0,4,10.00,2.00,0.00,3.00,1.17,12,1851,2471.09
84,MCCAIN,27,8,1,0,5,14.00,0.00,0.00,0.00,1.00,14,5500,9091.04
85,LEHRER,35,8,2,0,6,16.00,1.00,1.00,3.00,1.17,19,1867,2489.75
86,OBAMA,24,11,2,0,9,22.00,0.00,0.00,2.00,1.07,23,5794,10079.43
87,LEHRER,36,27,2,1,17,47.00,1.00,0.00,2.00,1.10,52,1914,2541.45
88,OBAMA,25,266,16,16,103,401.00,7.50,4.50,8.00,1.67,668,6195,10747.76
89,LEHRER,37,2,1,1,1,5.00,0.00,0.00,0.00,1.00,5,1919,2546.45
90,OBAMA,26,63,1,0,38,102.00,6.50,4.00,5.50,1.53,156,6297,10904.16
91,LEHRER,38,9,1,0,8,18.00,3.00,3.00,0.00,1.20,22,1937,2568.05
92,MCCAIN,28,166,12,13,76,267.00,7.50,6.00,4.00,1.58,423,5767,9513.79
93,OBAMA,27,6,1,0,4,11.00,1.00,0.00,4.00,1.17,13,6308,10917.00
94,MCCAIN,29,5,1,0,3,9.00,7.80,2.10,4.50,1.48,13,5776,9527.11
95,OBAMA,28,6,1,0,4,11.00,1.50,0.60,1.90,1.13,12,6319,10929.46
96,MCCAIN,30,80,5,2,46,133.00,5.00,2.00,6.00,1.43,191,5909,9717.74
97,LEHRER,39,3,1,0,2,6.00,0.00,0.00,0.00,1.00,6,1943,2574.05
98,OBAMA,29,8,1,2,4,15.00,0.00,0.00,0.00,1.00,15,6334,10944.46
99,MCCAIN,31,56,3,4,33,96.00,6.50,4.00,7.00,1.58,152,6005,9869.74
100,OBAMA,30,398,22,23,152,595.00,8.00,6.00,8.20,1.74,1035,6929,11979.76
101,MCCAIN,32,14,1,3,9,27.00,7.50,4.00,6.00,1.58,43,6032,9912.49
102,OBAMA,31,7,1,0,5,13.00,0.00,0.00,0.00,1.00,13,6942,11992.76
103,MCCAIN,33,5,1,0,3,9.00,0.00,0.00,0.00,1.00,9,6041,9921.49
104,OBAMA,32,6,1,0,5,12.00,0.00,0.00,0.00,1.00,12,6954,12004.76
105,MCCAIN,34,8,1,1,5,15.00,7.00,0.00,0.00,1.23,19,6056,9939.99
106,OBAMA,33,18,3,0,11,32.00,6.50,3.20,7.80,1.58,51,6986,12055.43
107,MCCAIN,35,115,4,9,61,189.00,4.50,3.90,6.00,1.48,280,6245,10219.71
108,MCCAIN,36,64,2,2,38,106.00,5.50,7.00,6.50,1.63,173,6351,10392.85
109,LEHRER,40,77,4,6,33,120.00,1.90,0.60,2.10,1.15,138,2063,2712.45
110,OBAMA,34,432,17,36,153,638.00,7.50,6.00,9.00,1.75,1117,7624,13171.93
111,LEHRER,41,5,1,2,1,9.00,0.00,0.00,0.00,1.00,9,2072,2721.45
112,MCCAIN,37,590,31,38,161,820.00,6.50,4.50,7.00,1.60,1312,7171,11704.85
113,OBAMA,35,365,17,22,122,526.00,7.80,6.50,8.10,1.75,919,8150,14090.68
114,MCCAIN,38,567,21,39,177,804.00,6.50,7.50,4.00,1.60,1286,7975,12991.25
115,MCCAIN,39,81,3,2,48,134.00,7.50,6.80,2.50,1.56,209,8109,13200.29
116,OBAMA,36,289,14,17,120,440.00,7.50,7.00,8.00,1.75,770,8590,14860.68
117,LEHRER,42,2,1,0,1,4.00,3.50,2.00,2.50,1.27,5,2076,2726.52
118,MCCAIN,40,177,7,12,79,275.00,7.80,6.50,8.00,1.74,479,8384,13679.70
119,LEHRER,43,34,2,1,26,63.00,5.50,2.50,4.80,1.43,90,2139,2816.40
120,OBAMA,37,7,1,1,5,14.00,1.50,0.00,0.00,1.05,15,8604,14875.38
121,LEHRER,44,78,5,4,51,138.00,1.50,0.00,6.00,1.25,173,2277,2988.90
122,MCCAIN,41,415,16,24,153,608.00,7.50,4.00,8.00,1.65,1003,8992,14682.90
123,LEHRER,45,8,1,3,4,16.00,0.00,0.00,0.00,1.00,16,2293,3004.90
124,OBAMA,38,382,21,34,149,586.00,7.50,6.60,8.80,1.76,1033,9190,15908.69
125,LEHRER,46,6,1,0,4,11.00,0.00,1.50,0.00,1.05,12,2304,3016.45
126,MCCAIN,42,249,8,21,96,374.00,8.50,7.20,7.50,1.77,663,9366,15346.13
127,OBAMA,39,93,5,7,57,162.00,8.50,4.50,7.00,1.67,270,9352,16178.69
128,OBAMA,40,471,23,25,159,678.00,7.50,8.00,8.50,1.80,1220,10030,17399.09
129,MCCAIN,43,3,1,0,2,6.00,0.00,0.00,0.00,1.00,6,9372,15352.13
130,OBAMA,41,34,1,0,23,58.00,6.00,7.50,4.50,1.60,93,10088,17491.89
131,MCCAIN,44,67,4,5,31,107.00,7.10,1.30,6.80,1.51,161,9479,15513.34
132,OBAMA,42,4,1,0,3,8.00,0.00,0.00,0.00,1.00,8,10096,17499.89
133,MCCAIN,45,250,12,17,111,390.00,6.50,5.50,7.00,1.63,637,9869,16150.34
134,OBAMA,43,155,7,5,75,242.00,7.10,6.50,8.20,1.73,418,10338,17917.74
135,MCCAIN,46,50,3,3,28,84.00,6.50,7.20,3.90,1.59,133,9953,16283.62
136,OBAMA,44,8,1,1,3,13.00,0.00,0.00,0.00,1.00,13,10351,17930.74
137,MCCAIN,47,52,2,4,26,84.00,7.50,3.20,2.50,1.44,121,10037,16404.58
138,OBAMA,45,6,1,0,5,12.00,0.00,0.00,0.00,1.00,12,10363,17942.74
139,MCCAIN,48,17,1,0,12,30.00,1.50,3.00,2.00,1.22,37,10067,16441.08
140,OBAMA,46,7,1,0,5,13.00,0.00,3.50,1.00,1.15,15,10376,17957.69
141,MCCAIN,49,25,2,0,13,40.00,4.50,2.00,5.00,1.38,55,10107,16496.42
142,LEHRER,47,12,1,1,6,20.00,0.00,0.00,0.00,1.00,20,2324,3036.45
143,MCCAIN,50,13,1,1,7,22.00,1.50,0.00,6.20,1.26,28,10129,16524.06
144,OBAMA,47,6,1,0,3,10.00,2.50,0.00,0.00,1.08,11,10386,17968.53
145,MCCAIN,51,9,1,0,3,13.00,3.50,7.20,1.50,1.41,18,10142,16542.35
146,OBAMA,48,17,2,0,10,29.00,4.00,0.00,3.00,1.23,36,10415,18004.29
147,LEHRER,48,50,6,4,23,83.00,0.00,0.00,7.50,1.25,104,2407,3140.20
148,OBAMA,49,448,18,35,153,654.00,8.20,6.20,8.60,1.77,1155,11069,19159.69
149,LEHRER,49,8,1,3,4,16.00,0.00,0.00,0.00,1.00,16,2423,3156.20
150,MCCAIN,52,259,13,28,102,402.00,7.50,6.00,8.00,1.72,690,10544,17232.45
151,MCCAIN,53,303,15,28,102,448.00,8.00,3.00,8.50,1.65,739,10992,17971.65
152,LEHRER,50,16,1,0,13,30.00,1.00,1.00,6.50,1.28,39,2453,3194.70
153,OBAMA,50,583,22,32,183,820.00,7.50,6.00,8.00,1.72,1408,11889,20567.36
154,LEHRER,51,21,2,2,12,37.00,0.00,0.00,0.00,1.00,37,2490,3231.70
155,LEHRER,52,7,1,1,3,12.00,0.00,0.00,0.00,1.00,12,2502,3243.70
156,MCCAIN,54,32,3,2,14,51.00,5.00,7.00,4.50,1.55,79,11043,18050.70
157,OBAMA,51,23,2,2,10,37.00,3.50,2.00,1.00,1.22,45,11926,20612.38
158,MCCAIN,55,76,4,0,43,123.00,7.50,2.50,6.70,1.56,191,11166,18242.17
159,OBAMA,52,18,1,0,10,29.00,1.00,0.00,2.00,1.10,32,11955,20644.28
160,MCCAIN,56,11,1,0,8,20.00,4.00,1.00,3.00,1.27,25,11186,18267.50
161,LEHRER,53,5,1,0,3,9.00,2.50,0.00,0.00,1.08,10,2511,3253.45
162,OBAMA,53,2,1,1,1,5.00,0.00,0.00,0.00,1.00,5,11960,20649.28
163,MCCAIN,57,52,2,3,31,88.00,7.50,2.50,8.00,1.60,141,11274,18408.30
164,OBAMA,54,49,4,2,25,80.00,4.50,1.00,7.00,1.42,113,12040,20762.61
165,LEHRER,54,3,1,0,2,6.00,0.00,0.00,0.00,1.00,6,2517,3259.45
166,OBAMA,55,11,1,1,7,20.00,1.50,1.00,0.00,1.08,22,12060,20784.28
167,LEHRER,55,2,1,0,1,4.00,0.00,0.00,0.00,1.00,4,2521,3263.45
168,OBAMA,56,2,1,0,1,4.00,0.00,0.00,0.00,1.00,4,12064,20788.28
169,MCCAIN,58,10,1,0,8,19.00,6.50,2.50,5.00,1.47,28,11293,18436.17
170,OBAMA,57,9,1,1,1,12.00,0.00,0.00,0.00,1.00,12,12076,20800.28
171,LEHRER,56,7,1,1,5,14.00,0.00,0.00,0.00,1.00,14,2535,3277.45
172,OBAMA,58,2,1,0,1,4.00,0.00,0.00,0.00,1.00,4,12080,20804.28
173,LEHRER,57,5,1,1,4,11.00,0.00,0.00,0.00,1.00,11,2546,3288.45
174,MCCAIN,59,9,1,0,8,18.00,0.00,3.50,1.00,1.15,21,11311,18456.87
175,OBAMA,59,28,3,2,14,47.00,1.00,0.00,1.00,1.07,50,12127,20854.41
176,LEHRER,58,48,4,4,27,83.00,5.00,2.50,6.00,1.45,120,2629,3408.80
177,MCCAIN,60,435,21,13,133,602.00,7.50,6.70,7.90,1.74,1045,11913,19502.34
178,LEHRER,59,6,1,2,2,11.00,0.00,0.00,0.00,1.00,11,2640,3419.80
179,OBAMA,60,373,21,18,132,544.00,7.50,6.50,8.00,1.73,943,12671,21797.34
180,OBAMA,61,83,2,3,46,134.00,7.50,7.00,6.50,1.70,228,12805,22025.14
181,LEHRER,60,19,1,1,13,34.00,0.00,0.00,0.00,1.00,34,2674,3453.80
182,MCCAIN,61,266,11,13,106,396.00,7.00,6.00,7.50,1.68,667,12309,20168.94
183,LEHRER,61,10,1,1,7,19.00,0.00,0.00,5.00,1.17,22,2693,3475.97
184,OBAMA,62,396,24,16,150,586.00,7.80,6.50,8.30,1.75,1027,13391,23052.60
185,MCCAIN,62,312,15,6,113,446.00,7.50,6.20,8.10,1.73,770,12755,20939.04
186,OBAMA,63,220,8,7,96,331.00,7.50,8.00,6.50,1.73,574,13722,23626.33
187,LEHRER,62,9,2,0,5,16.00,0.00,0.00,0.00,1.00,16,2709,3491.97
188,MCCAIN,63,107,3,4,55,169.00,8.50,7.50,6.00,1.73,293,12924,21231.97
189,LEHRER,63,434,23,52,149,658.00,7.80,0.00,7.10,1.50,985,3367,4476.77
190,OBAMA,64,484,19,14,173,690.00,7.00,7.50,8.50,1.77,1219,14412,24845.33
191,LEHRER,64,6,1,2,2,11.00,0.00,0.00,0.00,1.00,11,3378,4487.77
192,MCCAIN,64,472,28,27,149,676.00,7.20,8.00,6.50,1.72,1165,13600,22396.94
193,LEHRER,65,79,7,4,40,130.00,4.50,1.00,5.50,1.37,178,3508,4665.44
194,OBAMA,65,267,11,5,109,392.00,7.80,2.50,8.50,1.63,638,14804,25482.98
195,LEHRER,66,12,1,1,9,23.00,0.00,4.50,4.00,1.28,30,3531,4694.96
196,MCCAIN,65,8,2,0,4,14.00,0.00,2.50,0.00,1.08,15,13614,22412.11
197,LEHRER,67,5,1,1,3,10.00,7.50,1.00,0.00,1.28,13,3541,4707.79
198,MCCAIN,66,2,1,0,1,4.00,0.00,0.00,0.00,1.00,4,13618,22416.11
199,LEHRER,68,11,1,0,8,20.00,0.00,1.00,0.00,1.03,21,3561,4728.46
200,MCCAIN,67,269,14,15,109,407.00,8.50,7.00,7.50,1.77,719,14025,23135.14
201,LEHRER,69,20,1,2,13,36.00,2.00,0.00,4.00,1.20,43,3597,4771.66
202,OBAMA,66,158,4,6,77,245.00,7.50,6.50,8.00,1.73,425,15049,25907.65
203,LEHRER,70,6,1,0,5,12.00,3.00,3.00,2.00,1.27,15,3609,4786.86
204,OBAMA,67,8,1,0,7,16.00,0.00,0.00,0.00,1.00,16,15065,25923.65
205,LEHRER,71,6,1,0,5,12.00,0.00,2.50,0.00,1.08,13,3621,4799.86
206,OBAMA,68,22,2,1,12,37.00,4.80,2.10,7.40,1.48,55,15102,25978.29
207,MCCAIN,68,13,2,0,8,23.00,1.00,1.00,0.00,1.07,25,14048,23159.68
208,LEHRER,72,22,2,0,13,37.00,7.70,8.50,2.50,1.62,60,3658,4859.92
209,OBAMA,69,117,5,1,67,190.00,6.50,7.00,6.00,1.65,314,15292,26291.79
210,LEHRER,73,30,2,2,16,50.00,0.00,0.00,6.70,1.22,61,3708,4921.09
211,MCCAIN,69,173,10,7,74,264.00,7.50,6.90,5.80,1.67,442,14312,23601.44
212,LEHRER,74,73,3,4,43,123.00,6.00,2.00,7.00,1.50,185,3831,5105.59
213,MCCAIN,70,351,19,20,123,513.00,7.70,4.70,7.40,1.66,852,14825,24453.02
214,LEHRER,75,6,1,2,2,11.00,0.00,0.00,0.00,1.00,11,3842,5116.59
215,OBAMA,70,302,10,18,120,450.00,7.80,8.50,8.30,1.82,819,15742,27110.79
216,LEHRER,76,3,1,1,1,6.00,0.00,0.00,0.00,1.00,6,3848,5122.59
217,MCCAIN,71,20,1,1,12,34.00,0.00,0.00,0.00,1.00,34,14859,24487.02
218,LEHRER,77,7,1,0,4,12.00,0.00,0.00,0.00,1.00,12,3860,5134.59
219,MCCAIN,72,278,18,15,103,414.00,7.70,6.50,7.00,1.71,707,15273,25193.58
220,OBAMA,71,179,11,4,86,280.00,7.00,7.50,8.50,1.77,495,16022,27605.45
221,OBAMA,72,52,1,2,35,90.00,7.10,8.00,6.90,1.73,156,16112,27761.45
222,LEHRER,78,34,1,1,16,52.00,1.00,2.00,4.50,1.25,65,3912,5199.59
223,MCCAIN,73,333,18,23,119,493.00,7.50,5.00,7.00,1.65,813,15766,26007.03
224,LEHRER,79,13,1,2,8,24.00,0.00,0.00,0.00,1.00,24,3936,5223.59
225,OBAMA,73,11,1,0,8,20.00,4.00,0.00,0.00,1.13,23,16132,27784.12
226,LEHRER,80,3,1,0,2,6.00,0.00,0.00,0.00,1.00,6,3942,5229.59
227,OBAMA,74,353,15,13,127,508.00,8.00,7.50,8.50,1.80,914,16640,28698.52
228,MCCAIN,74,8,1,0,5,14.00,1.50,0.00,0.00,1.05,15,15780,26021.73
229,LEHRER,81,11,1,0,7,19.00,0.00,0.00,1.50,1.05,20,3961,5249.54
230,MCCAIN,75,70,5,5,37,117.00,7.50,4.50,6.00,1.60,187,15897,26208.93
231,OBAMA,75,13,1,2,8,24.00,0.00,6.80,4.00,1.36,33,16664,28731.16
232,MCCAIN,76,186,11,9,72,278.00,7.50,5.80,8.00,1.71,475,16175,26684.31
233,OBAMA,76,14,2,1,5,22.00,3.00,2.00,4.50,1.32,29,16686,28760.13
234,MCCAIN,77,16,2,0,12,30.00,6.50,0.00,8.00,1.48,45,16205,26728.81
235,OBAMA,77,91,5,2,50,148.00,7.50,5.00,8.00,1.68,249,16834,29009.26
236,MCCAIN,78,14,1,0,11,26.00,7.20,8.50,6.10,1.73,45,16231,26773.70
237,OBAMA,78,79,2,2,43,126.00,7.10,2.70,7.50,1.58,199,16960,29207.92
238,LEHRER,82,124,4,4,48,180.00,4.00,1.00,8.00,1.43,258,4141,5507.54
239,OBAMA,79,493,21,14,172,700.00,8.00,6.50,9.00,1.78,1248,17660,30456.25
240,LEHRER,83,26,1,1,13,41.00,4.50,3.60,6.20,1.48,61,4182,5568.08
241,MCCAIN,79,241,13,8,98,360.00,7.50,5.50,7.80,1.69,610,16591,27383.30
242,MCCAIN,80,107,3,3,56,169.00,7.50,5.50,8.80,1.73,292,16760,27675.11
243,LEHRER,84,42,2,1,28,73.00,0.00,0.00,7.00,1.23,90,4255,5658.11
244,OBAMA,80,22,2,1,14,39.00,2.00,1.50,1.00,1.15,45,17699,30501.10
245,LEHRER,85,3,1,0,2,6.00,0.00,0.00,0.00,1.00,6,4261,5664.11
246,OBAMA,81,44,4,1,27,76.00,6.50,4.50,7.00,1.60,122,17775,30622.70
247,LEHRER,86,7,1,0,6,14.00,0.00,4.50,0.00,1.15,16,4275,5680.21
248,OBAMA,82,224,9,17,108,358.00,6.50,4.00,7.50,1.60,573,18133,31195.50
249,LEHRER,87,100,5,2,48,155.00,4.50,3.00,5.50,1.43,222,4430,5902.38
250,MCCAIN,81,16,1,0,12,29.00,7.50,5.00,6.00,1.62,47,16789,27721.99
251,LEHRER,88,3,1,0,2,6.00,1.50,1.00,0.70,1.11,7,4436,5909.02
252,MCCAIN,82,23,1,0,18,42.00,7.80,4.50,6.70,1.63,69,16831,27790.59
253,LEHRER,89,6,1,0,5,12.00,0.00,1.00,0.00,1.03,12,4448,5921.42
254,OBAMA,83,134,6,4,68,212.00,7.20,6.50,8.80,1.75,371,18345,31566.50
255,MCCAIN,83,177,7,7,83,274.00,7.50,5.00,8.00,1.68,461,17105,28251.82
256,LEHRER,90,85,4,1,46,136.00,0.00,2.00,6.00,1.27,172,4584,6093.69
257,OBAMA,84,269,6,5,117,397.00,7.20,7.50,8.10,1.76,699,18742,32265.22
258,MCCAIN,84,274,14,8,115,411.00,7.20,4.00,7.60,1.63,669,17516,28920.38
259,OBAMA,85,114,4,5,61,184.00,7.50,6.00,8.40,1.73,318,18926,32583.54
260,LEHRER,91,6,1,1,4,12.00,0.00,0.00,0.00,1.00,12,4596,6105.69
261,MCCAIN,85,106,4,6,52,168.00,7.50,6.20,5.00,1.62,273,17684,29193.10
262,LEHRER,92,41,5,4,24,74.00,5.00,1.00,3.00,1.30,96,4670,6201.89
263,MCCAIN,86,143,10,5,60,218.00,7.50,5.50,4.50,1.58,345,17902,29538.27
264,MCCAIN,87,143,8,4,65,220.00,7.40,6.50,7.50,1.71,377,18122,29915.20
265,LEHRER,93,14,1,3,8,26.00,0.00,0.00,0.00,1.00,26,4696,6227.89
266,OBAMA,86,377,14,19,158,568.00,7.30,7.40,9.00,1.79,1017,19494,33600.26
267,LEHRER,94,11,1,1,9,22.00,3.50,1.00,3.50,1.27,28,4718,6255.75
268,MCCAIN,88,153,7,11,67,238.00,7.50,4.10,7.30,1.63,388,18360,30303.14
269,LEHRER,95,11,1,1,8,21.00,0.00,0.00,0.00,1.00,21,4739,6276.75
270,MCCAIN,89,28,2,4,16,50.00,6.00,2.50,7.00,1.52,76,18410,30378.98
271,LEHRER,96,5,1,0,4,10.00,0.00,0.00,0.00,1.00,10,4749,6286.75
272,MCCAIN,90,8,1,0,5,14.00,1.00,1.00,0.00,1.07,15,18424,30393.91
273,LEHRER,97,8,2,0,6,16.00,1.50,0.50,2.50,1.15,18,4765,6305.15
274,OBAMA,87,11,2,0,9,22.00,1.00,0.00,2.00,1.10,24,19516,33624.46
275,LEHRER,98,27,2,1,17,47.00,1.00,0.00,0.00,1.03,49,4812,6353.72
276,OBAMA,88,266,16,16,103,401.00,7.50,4.20,8.50,1.67,671,19917,34295.47
277,LEHRER,99,2,1,1,1,5.00,0.00,0.00,0.00,1.00,5,4817,6358.72
278,OBAMA,89,63,1,0,38,102.00,7.50,4.00,6.40,1.60,163,20019,34458.33
279,LEHRER,100,9,1,0,8,18.00,3.50,4.00,2.00,1.32,24,4835,6382.42
280,MCCAIN,91,166,12,13,76,267.00,7.00,6.50,4.00,1.58,423,18691,30816.66
281,OBAMA,90,6,1,0,4,11.00,2.50,1.00,3.00,1.22,13,20030,34471.71
282,MCCAIN,92,5,1,0,3,9.00,4.50,0.00,7.20,1.39,13,18700,30829.17
283,OBAMA,91,6,1,0,4,11.00,1.00,1.00,1.00,1.10,12,20041,34483.81
284,MCCAIN,93,80,5,2,46,133.00,6.50,3.50,5.50,1.52,202,18833,31030.89
285,LEHRER,101,3,1,0,2,6.00,0.00,0.00,0.00,1.00,6,4841,6388.42
286,OBAMA,92,8,1,2,4,15.00,0.00,0.00,0.00,1.00,15,20056,34498.81
287,MCCAIN,94,56,3,4,33,96.00,7.50,4.50,6.50,1.62,155,18929,31186.09
288,OBAMA,93,398,22,23,152,595.00,7.20,6.70,8.40,1.74,1037,20651,35536.10
289,MCCAIN,95,14,1,3,9,27.00,6.50,2.50,3.50,1.42,38,18956,31224.34
290,OBAMA,94,7,1,0,5,13.00,1.00,0.00,2.00,1.10,14,20664,35550.40
291,MCCAIN,96,5,1,0,3,9.00,0.00,0.00,0.00,1.00,9,18965,31233.34
292,OBAMA,95,6,1,0,5,12.00,0.00,6.40,3.90,1.34,16,20676,35566.52
293,MCCAIN,97,8,1,1,5,15.00,7.50,0.00,0.00,1.25,19,18980,31252.09
294,OBAMA,96,18,3,0,11,32.00,3.50,2.00,6.50,1.40,45,20708,35611.32
295,MCCAIN,98,115,4,9,61,189.00,7.00,4.50,8.00,1.65,312,19169,31563.94
296,MCCAIN,99,64,2,2,38,106.00,6.50,2.00,5.50,1.47,155,19275,31719.40
297,LEHRER,102,77,4,6,33,120.00,2.00,1.00,3.00,1.20,144,4961,6532.42
298,OBAMA,97,432,17,36,153,638.00,7.80,5.90,8.60,1.74,1112,21346,36723.56
299,LEHRER,103,5,1,2,1,9.00,3.00,5.00,4.00,1.40,13,4970,6545.02
300,MCCAIN,100,590,31,38,161,820.00,7.50,4.00,7.00,1.62,1326,20095,33045.07
301,OBAMA,98,365,17,22,122,526.00,8.00,7.30,8.50,1.79,943,21872,37666.86
302,MCCAIN,101,567,21,39,177,804.00,7.40,8.50,6.90,1.76,1415,20899,34460.11
303,MCCAIN,102,81,3,2,48,134.00,3.50,6.00,4.50,1.47,197,21033,34656.64
304,OBAMA,99,289,14,17,120,440.00,6.70,7.80,8.60,1.77,779,22312,38445.66
305,LEHRER,104,2,1,0,1,4.00,0.00,0.00,0.00,1.00,4,4974,6549.02
306,MCCAIN,103,177,7,12,79,275.00,6.00,3.00,7.50,1.55,426,21308,35082.89
307,LEHRER,105,34,2,1,26,63.00,3.00,1.50,4.00,1.28,81,5037,6629.87
308,OBAMA,100,7,1,1,5,14.00,1.50,0.00,0.00,1.05,15,22326,38460.36
309,LEHRER,106,78,5,4,51,138.00,5.00,3.50,5.50,1.47,202,5175,6832.27
310,MCCAIN,104,415,16,24,153,608.00,7.20,6.80,8.60,1.75,1066,21916,36148.92
311,LEHRER,107,8,1,3,4,16.00,0.00,0.00,0.00,1.00,16,5191,6848.27
312,OBAMA,101,382,21,34,149,586.00,7.50,4.00,8.40,1.66,975,22912,39435.07
313,LEHRER,108,6,1,0,4,11.00,0.00,0.00,0.00,1.00,11,5202,6859.27
314,MCCAIN,105,249,8,21,96,374.00,7.00,8.00,6.50,1.72,642,22290,36790.95
315,OBAMA,102,93,5,7,57,162.00,7.50,4.00,8.50,1.67,270,23074,39705.07
316,OBAMA,103,471,23,25,159,678.00,8.10,6.40,7.80,1.74,1182,23752,40887.05
317,MCCAIN,106,3,1,0,2,6.00,0.00,0.00,0.00,1.00,6,22296,36796.95
318,OBAMA,104,34,1,0,23,58.00,3.20,7.80,5.40,1.55,90,23810,40976.76
319,MCCAIN,107,67,4,5,31,107.00,7.50,2.50,7.00,1.57,168,22403,36964.59
320,OBAMA,105,4,1,0,3,8.00,1.00,1.00,1.00,1.10,9,23818,40985.56
321,MCCAIN,108,250,12,17,111,390.00,7.50,5.50,8.00,1.70,663,22793,37627.59
322,OBAMA,106,155,7,5,75,242.00,7.40,8.00,8.50,1.80,435,24060,41420.35
323,MCCAIN,109,50,3,3,28,84.00,3.50,8.20,4.00,1.52,128,22877,37755.55
324,OBAMA,107,8,1,1,3,13.00,1.00,1.00,0.00,1.07,14,24073,41434.22
325,MCCAIN,110,52,2,4,26,84.00,7.50,3.50,4.00,1.50,126,22961,37881.55
326,OBAMA,108,6,1,0,5,12.00,0.00,0.00,1.00,1.03,12,24085,41446.62
327,MCCAIN,111,17,1,0,12,30.00,6.00,3.00,2.00,1.37,41,22991,37922.55
328,OBAMA,109,7,1,0,5,13.00,3.40,6.00,0.60,1.33,17,24098,41463.95
329,MCCAIN,112,25,2,0,13,40.00,7.20,2.10,6.30,1.52,61,23031,37983.35
330,LEHRER,109,12,1,1,6,20.00,0.00,0.00,0.00,1.00,20,5222,6879.27
331,MCCAIN,113,13,1,1,7,22.00,5.50,0.00,7.00,1.42,31,23053,38014.51
332,OBAMA,110,6,1,0,3,10.00,2.00,0.00,4.50,1.22,12,24108,41476.12
333,MCCAIN,114,9,1,0,3,13.00,2.70,5.50,1.00,1.31,17,23066,38031.50
334,OBAMA,111,17,2,0,10,29.00,5.50,3.00,7.50,1.53,44,24137,41520.58
335,LEHRER,110,50,6,4,23,83.00,0.40,0.60,9.00,1.33,111,5305,6989.94
336,OBAMA,112,448,18,35,153,654.00,8.50,6.50,9.00,1.80,1177,24791,42697.78
337,LEHRER,111,8,1,3,4,16.00,0.00,0.00,0.00,1.00,16,5321,7005.94
338,MCCAIN,115,259,13,28,102,402.00,7.80,4.20,8.50,1.68,677,23468,38708.20
339,MCCAIN,116,303,15,28,102,448.00,7.10,3.20,8.00,1.61,721,23916,39429.48
340,LEHRER,112,16,1,0,13,30.00,3.50,1.50,2.00,1.23,37,5351,7042.94
341,OBAMA,113,583,22,32,183,820.00,8.30,5.00,8.50,1.73,1416,25611,44113.65
342,LEHRER,113,21,2,2,12,37.00,0.00,0.00,0.00,1.00,37,5388,7079.94
343,LEHRER,114,7,1,1,3,12.00,0.00,0.00,0.00,1.00,12,5400,7091.94
344,MCCAIN,117,32,3,2,14,51.00,6.00,4.00,3.00,1.43,73,23967,39502.58
345,OBAMA,114,23,2,2,10,37.00,2.40,2.70,6.00,1.37,51,25648,44164.34
346,MCCAIN,118,76,4,0,43,123.00,4.50,6.00,7.50,1.60,197,24090,39699.38
347,OBAMA,115,18,1,0,10,29.00,2.50,0.00,6.00,1.28,37,25677,44201.56
348,MCCAIN,119,11,1,0,8,20.00,2.00,0.00,1.50,1.12,22,24110,39721.71
349,LEHRER,115,5,1,0,3,9.00,0.00,0.00,0.00,1.00,9,5409,7100.94
350,OBAMA,116,2,1,1,1,5.00,0.00,0.00,0.00,1.00,5,25682,44206.56
351,MCCAIN,120,52,2,3,31,88.00,7.50,2.00,8.20,1.59,140,24198,39861.63
352,OBAMA,117,49,4,2,25,80.00,4.50,3.50,7.00,1.50,120,25762,44326.56
353,LEHRER,116,3,1,0,2,6.00,0.00,0.00,0.00,1.00,6,5415,7106.94
354,OBAMA,118,11,1,1,7,20.00,0.00,2.00,0.00,1.07,21,25782,44347.89
355,LEHRER,117,2,1,0,1,4.00,0.00,0.00,0.00,1.00,4,5419,7110.94
356,OBAMA,119,2,1,0,1,4.00,0.00,0.00,0.00,1.00,4,25786,44351.89
357,MCCAIN,121,10,1,0,8,19.00,7.50,0.00,3.20,1.36,26,24217,39887.41
358,OBAMA,120,9,1,1,1,12.00,0.00,0.00,0.00,1.00,12,25798,44363.89
359,LEHRER,118,7,1,1,5,14.00,4.00,2.50,6.50,1.43,20,5433,7131.00
360,OBAMA,121,2,1,0,1,4.00,1.00,0.00,0.00,1.03,4,25802,44368.02
361,LEHRER,119,5,1,1,4,11.00,0.00,0.00,0.00,1.00,11,5444,7142.00
362,MCCAIN,122,9,1,0,8,18.00,6.00,8.40,5.10,1.65,30,24235,39917.11
363,OBAMA,122,28,3,2,14,47.00,4.00,2.00,5.50,1.38,65,25849,44433.04
364,LEHRER,120,48,4,4,27,83.00,1.50,2.00,4.00,1.25,104,5527,7245.75
365,MCCAIN,123,435,21,13,133,602.00,7.30,4.40,8.00,1.66,997,24837,40914.42
366,LEHRER,121,6,1,2,2,11.00,0.00,0.00,0.00,1.00,11,5538,7256.75
367,OBAMA,123,373,21,18,132,544.00,7.50,6.50,8.50,1.75,952,26393,45385.04
368,OBAMA,124,83,2,3,46,134.00,7.50,7.20,6.80,1.72,230,26527,45615.07
369,LEHRER,122,19,1,1,13,34.00,0.00,0.00,0.00,1.00,34,5572,7290.75
370,MCCAIN,124,266,11,13,106,396.00,6.50,4.90,6.70,1.60,635,25233,41549.34
371,LEHRER,123,10,1,1,7,19.00,1.50,0.00,2.50,1.13,22,5591,7312.29
372,OBAMA,125,396,24,16,150,586.00,7.10,8.30,7.50,1.76,1033,27113,46648.39
373,MCCAIN,125,312,15,6,113,446.00,8.50,7.20,8.10,1.79,800,25679,42349.17
374,OBAMA,126,220,8,7,96,331.00,8.50,7.00,6.20,1.72,570,27444,47218.81
375,LEHRER,124,9,2,0,5,16.00,0.00,0.00,0.00,1.00,16,5607,7328.29
376,MCCAIN,126,107,3,4,55,169.00,7.50,8.20,6.30,1.73,293,25848,42642.10
377,LEHRER,125,78,7,13,41,139.00,7.80,0.00,0.00,1.26,175,5746,7503.43